,,,,,,
1,,Follow me on X for more opportunies,,https://x.com/AvinashSingh_20,,https://www.linkedin.com/in/avinash-singh-bb0b8a371/
2,,,,,,
3,,,https://www.lets-code.co.in/jobs/,,,
4,,,,,,
5,Company,Role,Location,Experience / Eligibility,Salary / Stipend,Apply Link
6,Stackingo,Intern,Remote (WFH),Internship,Paid Internship,https://artha.link/@avinash-singh/jobs/intern-stackingo-delhi-539921e3
7,AppZime Technologies,Data Analyst (Freshers),Delhi,Freshers,"₹30,000 – ₹45,000/month",https://artha.link/@avinash-singh/jobs/data-analyst-freshers-appzime-technologies-delhi-6fe34a39
8,HCLTech,Customer Support Role,"Ambattur, Tamil Nadu",Fresher to 5 Years,Not Disclosed,https://artha.link/@avinash-singh/jobs/mega-walk-in-hcltech-customer-support-hcltech-ambattur-92473346
9,Deloitte,Front End Designer,Bangalore / Chennai / Hyderabad / Pune,B.E / B.Tech / MCA / M.Sc / M.S,₹7 LPA,https://www.lets-code.co.in/job/6a3808418b61ffc7c1e963c8/
10,Falcon Informatics,Frontend Developer Intern,Hyderabad,Internship,Not Disclosed,https://artha.link/@avinash-singh/jobs/frontend-developer-intern-falcon-informatics-hyderabad-42e469d3
11,Clinvvo,Data Science Intern,Greater Bengaluru Area,Internship,Not Disclosed,https://artha.link/@avinash-singh/jobs/data-science-intern-clinvvo-greater-b15d163b
12,Careflick,Frontend Developer,"Vijayawada, Andhra Pradesh",Not Specified,Not Disclosed,https://artha.link/@avinash-singh/jobs/frontend-developer-careflick-vijayawada-8bb7c32f
13,Oracle,Member Technical Staff - 1 (Software Engineer),Bengaluru / Hyderabad,0–2 Years (Freshers Eligible),Not Disclosed,https://www.lets-code.co.in/job/6a3821cec9f3e907fe81c93f/
14,,,,,,
15,Company,Role,Experience,Salary,Apply Link,
16,EXL,Developer (IC),0-1 Years,7-9 LPA,https://www.lets-code.co.in/job/6a36c488d49594e2a23fd649/,
17,Harmonic,SW Development Engineer,1 Year,15-18 LPA,https://www.lets-code.co.in/job/6a36c510d49594e2a23fd64b/,
18,Akamai,Software Engineer,1 Year,20-35 LPA,https://www.lets-code.co.in/job/6a36c596d49594e2a23fd64d/,
19,CoinDCX,SDE-1,1 Year,19-30 LPA,https://www.lets-code.co.in/job/6a36c769d49594e2a23fd653/,
20,Docdort,React JS Developer,1 Year,6-8 LPA,https://www.lets-code.co.in/job/6a36c699d49594e2a23fd651/,
21,Rebel Foods,Software Engineer Intern,0-1 Years,2-3 LPA,https://www.lets-code.co.in/job/6a36c769d49594e2a23fd653/,
22,Adobe,MTS-2 (Front-end),2 Years,25-35 LPA,https://www.lets-code.co.in/job/6a36c83dd49594e2a23fd655/,
23,PwC,"UI Engineer / Front End Engineer - Intern, Specialist",1 Year,3-4 LPA,https://www.lets-code.co.in/job/6a36c91ad49594e2a23fd657/,
24,Iris Software,UI React - Engineer,0-1 Years,8-14 LPA,https://www.lets-code.co.in/job/6a36ca9ed49594e2a23fd659/,
25,Zebra,Software Engineer 1,0-1 Years,10-15 LPA,https://www.lets-code.co.in/job/6a36cb26d49594e2a23fd65b/,
26,,,,,,
27,,,,,,
28,,,,,,
29,Company,Role,Eligibility,Salary,Apply Link,
30,SLB,Software Engineer,"0-2 Years Exp (2024, 2025 Grads)",₹4-8 LPA,https://www.lets-code.co.in/job/6a32e256f3d760cade5b7725/,
31,Clinisys,Software Engineer,"0-2 Years Exp (2024, 2025 Grads)",₹10-20 LPA,https://www.lets-code.co.in/job/6a32e3a9f3d760cade5b7727/,
32,Delphi Consulting,Generative AI Engineer (Intern),"2026, 2027 Batch",₹6-12 LPA,https://www.lets-code.co.in/job/6a32f1d54dec5df591ccc0dc/,
33,Esko,Software Support Engineer - I,1-2 Years Exp,₹7-11 LPA,https://www.lets-code.co.in/job/6a32f3614dec5df591ccc0e0/,
34,,,,,,
35,,3500+ Active career portal link for job seekers,,,,
36,,,,,,
37,Company,Role,Eligibility / Batch,Location,Apply Link,
38,Johnson Controls,Junior Integration Developer,"2021, 2022, 2023, 2024, 2025",Pune,https://www.lets-code.co.in/job/6a2b0b90c527c5002cd8fe74/,
39,Seismic,Software Engineer I (Backend),"2023, 2024, 2025",Hyderabad,https://www.lets-code.co.in/job/6a2b0d4cc527c5002cd8fe76/,
40,project44,Software Engineer 2,"2021, 2022, 2023",Bangalore,https://www.lets-code.co.in/job/6a2b0db8c527c5002cd8fe78/,
41,Magnit,Associate Software Engineer,"2022, 2023, 2024, 2025",Bangalore,https://www.lets-code.co.in/job/6a2b0e9bc527c5002cd8fe7a/,
42,Mastercard,"Analyst, Analytics & Metrics","Bachelor's / Master's Degree, Freshers & Experienced",Gurgaon,https://www.lets-code.co.in/job/6a2b0f9dc527c5002cd8fe7c/,
43,Eaton,Apprentice - Data Engineering,"Graduate / Undergraduate Degree, Freshers",Pune,https://www.lets-code.co.in/job/6a2b108ac527c5002cd8fe7e/,
44,Goldman Sachs,SDE Associate,"2023, 2024, 2025",Bengaluru,https://www.lets-code.co.in/job/6a2aad28b6acc29c25ab2155/,
45,Amazon,ML Summer School 2026,2027 & 2028 Graduates,Online,https://unstop.com/o/KoXsOLD?lb=BgZwcjqU&utm_medium=Share&utm_source=online_coding_challenge&utm_campaign=Letscod3761,
46,Nike,Software Engineer 1,0-2 Years Experience,—,https://www.lets-code.co.in/job/6a2a8187ffa81206de5575af/,
47,Redrob AI,Software Developers & Interns (Hackathon Hiring),"2023, 2024, 2025, 2026, 2027, 2028, 2029",—,https://hack2skill.com/event/india_runs/?utm_source=hack2skill&utm_medium=teamdashboard&utm_term=referral-64&utm_campaign=india_runs&utm_content=66ed82b74ec2fa396372a882,
48,,,,,,
49,,,,,,
50,,,,,,
51,Company,Role,Eligibility / Batch,Location,Apply Link,
52,Smarsh,Software Engineer I,"Batch 2024, 2025",Bangalore,https://www.lets-code.co.in/job/6a269e29dd7a5be45d049daa/,
53,Chargebee,Software Engineer,6+ months experience,Not specified,https://www.lets-code.co.in/job/6a26b30edd7a5be45d049dae/,
54,TrueFoundry,Frontend Intern,"Batch 2026, 2027",Bengaluru,https://www.lets-code.co.in/job/6a26a120dd7a5be45d049dac/,
55,GreedyGame,Full-stack Developer Intern,"Batch 2026, 2027",Bengaluru,https://www.lets-code.co.in/job/6a26b79bdd7a5be45d049db0/,
56,Accuris,Associate Software Engineer,"Batch 2025, 2026",Bengaluru,https://www.lets-code.co.in/job/6a26c58408b610a1ce4d3a0f/,
57,Blackhawk Network,Software Engineer,0+ years experience,Not specified,https://www.lets-code.co.in/job/6a267a967c98c45bdbcd6fd8/,
58,Rolls-Royce,Data Scientist,Freshers & Early Career Professionals,"Bengaluru, Karnataka",https://www.lets-code.co.in/job/6a2678b47c98c45bdbcd6fd6/,
59,,,,,,
60,Company,Role,Batch / Experience,Location,Apply Link,
61,Fractal,Full Stack Developer,"2023, 2024, 2025",Bangalore,https://www.lets-code.co.in/job/6a1e7b1cd44ccaad617426ac/,
62,Philips,Software Engineering Intern,"2026, 2027, 2028",Not Specified,https://www.lets-code.co.in/job/6a1effbd8578d290e5925f5c/,
63,SanDisk,SDE (Apps),"2023, 2024, 2025",Bangalore,https://www.lets-code.co.in/job/6a1f0376a0ec91c19044f383/,
64,Razorpay,Solution Engineer,"2021, 2022, 2023, 2024",Bangalore,https://www.lets-code.co.in/job/6a1f0522a0ec91c19044f387/,
65,DeepIntent,Software Engineer in Test,"2022, 2023, 2024, 2025",Pune,https://www.lets-code.co.in/job/6a1f0649a0ec91c19044f389/,
66,Elimai.ai,AI Engineer Intern,Not Specified,"Coimbatore, Tamil Nadu",https://artha.link/@avinash-singh/jobs/ai-engineer-intern-elimai-ai-coimbatore-cb269a96,
67,vCampusIT,Cybersecurity and ERP Intern,Not Specified,"Mumbai, Maharashtra",https://artha.link/@avinash-singh/jobs/cybersecurity-and-erp-intern-vcampusit-mumbai-ac17b3d1,
68,Kanerika,Project Management Office (PMO) Intern,0–2 Years (Freshers Welcome),"Hyderabad, Telangana",https://artha.link/@avinash-singh/jobs/project-management-office-pmo-intern-kanerika-inc-hyderabad-1219fd6e,
69,Blackcoffer,Data Scientist,Not Specified,Remote (Work From Home),https://artha.link/@avinash-singh/jobs/data-scientist,
70,micro1,Junior Software Engineer (Open 3D Engine),Not Specified,Remote,https://jobs.micro1.ai/post/7f140a96-ab52-4c1b-9d3e-98f1fcbcb4af?referralCode=c7e58760-581b-45d4-9deb-475e02122729&utm_source=referral&utm_medium=share&utm_campaign=job_referral,
71,EarnIn,Developer Experience Contractor,Graduating Dec 2026 or later,Bengaluru (Hybrid),https://www.lets-code.co.in/job/6a1f145ca7ff1d6d57f08d2d/,
72,Nference,Software Engineer Intern,Not Specified,Bengaluru,https://www.lets-code.co.in/job/6a1f15173e42e0a759c5ad78/,
73,,3500+ Active career portal link for job seekers,,,,
74,,,,,,
75,Company,Role,Eligibility / Batch,Location,Salary / Experience,Apply Link
76,NetApp,Software Engineer,2023 & 2024 Batch,Bengaluru,Freshers,https://www.lets-code.co.in/job/6a19d1f52f16cc284fb65ef6/
77,Philips,Data Analyst / Engineer,"2024, 2025 & 2026 Batch",Bangalore,Freshers,https://www.lets-code.co.in/job/6a19d3112f16cc284fb65ef8/
78,micro1,Coding Expert,All College Students & Working Professionals,Remote (WFH),"$50 - $120/hour, 100 Openings",https://jobs.micro1.ai/post/14cc2471-90db-4586-a035-a741a54bad02?referralCode=c7e58760-581b-45d4-9deb-475e02122729&utm_source=referral&utm_medium=share&utm_campaign=job_referral
79,Siemens Healthineers,Software Engineer Intern,2026 & 2027 Graduates,India,Internship,https://www.lets-code.co.in/job/6a19b16d7fcb6557f5f055da/
80,Mastercard,Data Scientist I,Freshers & Early Career Professionals,Multiple Locations,Entry Level,https://www.lets-code.co.in/job/6a1971d7e2d4bbd8ee9f67f6/
81,KPMG,Analyst - Consulting Implementation,Any Graduate / Postgraduate,"Bangalore, India",0-2 Years Experience,https://www.lets-code.co.in/job/6a19583ce2d4bbd8ee9f67f1/
82,Mercor,Enterprise Software Engineer,Experienced Software Engineers,Remote (Worldwide),$50 - $70/hour,https://t.mercor.com/zHMG8
83,,,,,,
84,,,,,,
85,Company Name,Role,Batch,Location / Stipend,Apply Link,
86,Agoda,Data Analyst,2022 / 2023 / 2024,Thailand,https://careersatagoda.com/job/6219574-data-analyst-marketing-analytics-bangkok-based-relocation-provided/,
87,Google Pay,SWE 1,2024 / 2025,—,https://www.lets-code.co.in/job/6a1690b5437aa458cfd48444/,
88,Automation Anywhere,SDET Internship,2026 / 2027,₹40K/month,https://www.lets-code.co.in/job/6a169447437aa458cfd48447/,
89,Google,Student Researcher,2027 / 2028,Deadline: 30th June,https://www.google.com/about/careers/applications/jobs/results/103667844620657350-student-researcher-2026,
90,Unreconciled,Python Developer,2023 / 2024 / 2025,Ahmedabad,https://www.linkedin.com/jobs/view/4418257627/,
91,Gap Inc.,Software Engineer,2022 / 2023 / 2024 / 2025,Hyderabad,https://www.gapinc.com/en-in/jobs/w02/44/software-engineer?rx_id=acb0a49d-58f7-11f1-a0bf-f3d0155d8b66&rx_job=R210244&rx_medium=post&rx_paid=0&rx_r=none&rx_source=linkedin&rx_ts=20260527T065003Z&src=JB-10340&rx_viewer=b1362e2c55cd11f0bb31979f1c15770213df4fd05ae840a5ae4ce7cb0d96d8aa,
92,Hyland,UI Developer,2022 / 2023 / 2024 / 2025,Hyderabad,https://www.linkedin.com/jobs/view/4410958527/,
93,,,,,,
94,,,,,,
95,,,,,,
96,Company,Role,Batch,Location,Apply Link,
97,eClerx,Analyst,"2023, 2024, 2025",Chandigarh,https://www.lets-code.co.in/job/6a1494b2fb3436f210dd0f4f/,
98,GE Aerospace,Intern,2026,Bangalore,https://www.lets-code.co.in/job/6a149529fb3436f210dd0f51/,
99,CoinDCX,Automation & Data Analyst Intern,2026,Bangalore,https://www.lets-code.co.in/job/6a1495b6fb3436f210dd0f53/,
100,RocketPay,Backend Developer,"2023, 2024, 2025",Bangalore,https://www.lets-code.co.in/job/6a14963ffb3436f210dd0f55/,
101,Wells Fargo,Software Engineer,"2021, 2022, 2023, 2024",Hyderabad,https://www.lets-code.co.in/job/6a1497a9fb3436f210dd0f57/,
102,FICO,Technology Support Engineer,"2024, 2025",Bangalore,https://www.lets-code.co.in/job/6a1498b6fb3436f210dd0f5d/,
103,,,,,,
104,,3500+ Active career portal link for job seekers,,,,
105,,,,,,
106,,,,,,
107,Company,Role,Eligibility,Location,Salary/Stipend,Apply Link
108,ETG,Graduate Software Trainee,Freshers,Bengaluru,6+ LPA,https://www.lets-code.co.in/job/6a11e803cbb33147607671fe/
109,American Express,Software Engineer I,"2024, 2025 grads",Multiple Locations,Not Disclosed,https://www.lets-code.co.in/job/6a11e9fecbb3314760767200/
110,Capco,Frontend Developer,"2024, 2025 grads",Pune,Not Disclosed,https://www.lets-code.co.in/job/6a11eac4cbb3314760767202/
111,Mastercard,Software Engineer,"2023, 2024 grads",Gurugram,Not Disclosed,https://www.lets-code.co.in/job/6a11ec8e63666352d98a9991/
112,Village,Full Stack Intern,Students/Freshers,Remote (India),Full-Time Internship,https://artha.link/@avinash-singh/jobs/full-stack-intern-village-delhi-0496fdc7
113,Mercor,Enterprise Software Engineer,Experienced Engineers,Remote,$50-$70/hour,https://t.mercor.com/zHMG8
114,Barclays,Software Engineer,"2024, 2025 grads",Pune,Not Disclosed,https://search.jobs.barclays/job/pune/software-engineer/13015/95411382208
115,Apple,AIML Site Project Representative,"2022, 2023, 2024 grads",Hyderabad,Not Disclosed,https://jobs.apple.com/en-us/details/200648882-1052/aiml-data-operations-site-project-representative-spr?board=JB177
116,,,,,,
117,,,,,,
118,,3500+ Active career portal link for job seekers,,,,
119,,,,,,
120,,,,,,
121,,,,,,
122,Company,Role,Experience / Batch,Location,Apply Link,
123,Tower Research Capital,Software Engineer I,0-2 years,Gurgaon,https://www.lets-code.co.in/job/6a109b10e8efcd291a5094a8/,
124,Payoneer,Software Intern,Not Specified,Gurugram,https://www.lets-code.co.in/job/6a109edfe8efcd291a5094ad/,
125,ReasonCore AI,AI Data Intern,Not Specified,India,https://artha.link/@avinash-singh/jobs/ai-data-intern-reasoncore-ai-india-6ca7d8c9,
126,DigiPlus IT,Human Resources Intern,Not Specified,"Mumbai, Maharashtra",https://artha.link/@avinash-singh/jobs/human-resources-intern-digiplus-it-mumbai-5e3a9959,
127,RIPIKTECHNOLOGY,AI Engineer Intern,Not Specified,Noida Sector 16,https://ripiktechnologyprivatelimited.keka.com/careers/jobdetails/129796?source=linkedin,
128,American Express,Software Engineer I,Not Specified,Gurugram,https://egug.fa.us2.oraclecloud.com/hcmUI/CandidateExperience/en/sites/CX_1/job/26007841,
129,OrbitShift.AI,Video Editing Intern,Not Specified,"New Delhi, Delhi",https://artha.link/@avinash-singh/jobs/video-editing-intern-orbitshift-ai-new-delhi-af2d4830,
130,QtPi Robotics,Robotics Engineering Intern,Not Specified,"Bengaluru, Karnataka",https://artha.link/@avinash-singh/jobs/robotics-engineering-intern-qtpi-robotics-bengaluru-f212eb29,
131,Walmart,Software Engineering Intern,2028 graduates,"Bangalore, India",https://www.lets-code.co.in/job/6a10085f556a724e8a25cbf0/,
132,,,,,,
133,,,,,,
134,,,,,,
135,,,,,,
136,Company,Role,Batch / Eligibility,Location,Apply Link,
137,NetApp,Software Engineer,"2024, 2025",Bangalore,https://www.lets-code.co.in/job/6a0dea0e138e5ccf1e6615da/,
138,ByteBlock Technologies,Front-end Software Development Internship,Not Mentioned,"New Delhi, Delhi, India",https://artha.link/@avinash-singh/jobs/front-end-software-development-byteblock-new-delhi-4fe25769,
139,Wells Fargo,Software Engineer,2023 grads only,Hyderabad,https://www.lets-code.co.in/job/6a0de454138e5ccf1e6615d5/,
140,S&P Global,Summer Intern,2027,Gurugram,https://www.lets-code.co.in/job/6a0dc23aaa7148ae0e8f8548/,
141,Anakin,Software Engineering Intern,2026 & 2027 grads,Not Mentioned,https://www.lets-code.co.in/job/6a0dc015aa7148ae0e8f8545/,
142,GE Aerospace,Software Engineering Intern,2026 & 2027 passouts,Not Mentioned,https://www.lets-code.co.in/job/6a05f81df08d899cb7c255d7/,
143,GE HealthCare,Graduate Engineer Trainee,Bachelor’s Degree,"Bengaluru, India",https://www.lets-code.co.in/job/6a0d63797e5e29c95151bd5f/,
144,Societe Generale,Business Analyst,Bachelor’s/Master’s Degree,"Bangalore, India (Hybrid)",https://www.lets-code.co.in/job/6a0cbadaf38b8cee93a16bac/,
145,,,,,,
146,,,,,,
147,,,,,,
148,Company,Role,Batch / Experience,Location,Additional Info,Apply Link
149,GreedyGame,Fullstack Developer Intern,0 - 1 Years Experience,India,Internship,https://www.lets-code.co.in/job/6a0c46da22d148f45024daf8/
150,Coupang,Software Engineering Intern,2026 Graduates,"Bengaluru, India",Expected Stipend: INR 1.4 Lakhs/month,https://www.lets-code.co.in/job/6a0c9d1b35a06bfce4c35f07/
151,GalaxEye,System Engineer Intern,"2026, 2027 Batch","Bangalore, India",Internship,https://www.lets-code.co.in/job/6a0cb3c8c9fb1168343e0b6b/
152,bp,Software Engineer,"2022, 2023, 2024, 2025 Batch","Pune, India",Full Time,https://www.lets-code.co.in/job/6a0cb4dbc9fb1168343e0b6e/
153,AMETEK,Software Engineer,"2023, 2024, 2025 Batch","Bangalore, India",Full Time,https://www.lets-code.co.in/job/6a0cb5a0c9fb1168343e0b70/
154,Société Générale,Business Analyst,"Bachelor’s / Master’s Degree, Freshers & Experienced","Bangalore, India (Hybrid)",Analyst Role,https://www.lets-code.co.in/job/6a0cbadaf38b8cee93a16bac/
155,GE HealthCare,Graduate Engineer Trainee,"Bachelor’s Degree, Freshers","Bengaluru, India",,https://www.lets-code.co.in/job/6a0d63797e5e29c95151bd5f/
156,Société Générale,Business Analyst,"Bachelor’s / Master’s Degree, Freshers & Experienced","Bangalore, India (Hybrid)",,https://www.lets-code.co.in/job/6a0cbadaf38b8cee93a16bac/
157,,,,,,
158,,3500+ Active career portal link for job seekers,,,,
159,,,,,,
160,,,,,,
161,Company,Role,Eligible Batch / Qualification,Location,Apply Link,
162,Own Path,Full Stack Developer Intern,"2026, 2027",Bangalore,https://www.lets-code.co.in/job/6a0b55a7e3a17dff91870551/,
163,Mouser Electronics,Web Developer,"2023, 2024, 2025",Bangalore,https://www.lets-code.co.in/job/6a0b5630e3a17dff91870554/,
164,Senseloaf,Frontend Engineer Intern,"2026, 2027",Bangalore,https://www.lets-code.co.in/job/6a09ffd911c2d02df4fdddf9/,
165,Capco,Frontend Developer,"2023, 2024, 2025",Pune,https://www.lets-code.co.in/job/6a0ab55bc84d7b7bb2f6a351/,
166,Shoplinky,Python Developer,"2021, 2022, 2023",Kochi,https://www.lets-code.co.in/job/6a0ab662c84d7b7bb2f6a355/,
167,Sutherland,Software Engineer – Development or Testing,"BE / B.Tech / MCA (CSE, IT, ECE & Related Branches)",Chennai,https://www.lets-code.co.in/job/6a0b168d2d93e15ea590437f,
168,Heizen,Software Development Engineer Intern,"2026, 2027, 2028 Graduates",remote - hyderabad,https://www.lets-code.co.in/job/6a0b377b3252208daf5f7754/,
169,Cisco,Software Engineer,1+ years experience,Bangalore,https://www.lets-code.co.in/job/6a0b8e2db1b3527019f3d11f/,
170,,,,,,
171,,3500+ Active career portal link for job seekers,,,,
172,,,,,,
173,,,,,,
174,Company,Role,Eligible Batch,Location,Apply Link,
175,,,,,,
176,CoinDCX,Associate Quant Engineer,"2021, 2022, 2023, 2024, 2025",Bangalore,https://www.lets-code.co.in/job/6a09d8588feb6a15f0267e87/,
177,Interview.io,SDE I (Full Stack Developer),"2022, 2023, 2024, 2025",Bangalore,https://www.lets-code.co.in/job/6a09d975f74c9fe7be014829/,
178,Medable,Frontend Developer,"2021, 2022, 2023, 2024",Bangalore,https://www.lets-code.co.in/job/6a09da66f74c9fe7be01482f/,
179,Apple,Junior Software Developer in Test,"2023, 2024, 2025",Hyderabad,https://www.lets-code.co.in/job/6a09db29f74c9fe7be014831/,
180,CSG,SDE I,"2021, 2022, 2023, 2024, 2025",Remote,https://www.lets-code.co.in/job/6a09fbd411c2d02df4fddded/,
181,Wizzer,Full Stack Developer Internship,"2026, 2027",Mumbai,https://www.lets-code.co.in/job/6a09fc8611c2d02df4fdddef/,
182,Sazinga,React JS Developer,"2021, 2022",Pune,https://www.lets-code.co.in/job/6a09fcdb11c2d02df4fdddf1/,
183,DeepIntent,Software Engineer (Data),"2022, 2023, 2024, 2025",Pune,https://www.lets-code.co.in/job/6a09fd7911c2d02df4fdddf3/,
184,Rubrik,Software Engineer,"2021, 2022, 2023, 2024",Bangalore,https://www.lets-code.co.in/job/6a09fe0611c2d02df4fdddf5/,
185,Dover,Software Engineer I,"2021, 2022, 2023, 2024, 2025",Bangalore,https://www.lets-code.co.in/job/6a09fec411c2d02df4fdddf7/,
186,,,,,,
187,,,,,,
188,,,,,,
189,Company,Role,Eligible Batch / Experience,Location,Salary,Apply Link
190,Isolved,Software Engineer I,"2021, 2022, 2023, 2024, 2025",Hyderabad,—,https://www.linkedin.com/jobs/view/4413997494/
191,Licious,SDE I (Frontend),"2022, 2023, 2024, 2025",Bangalore,—,https://www.linkedin.com/jobs/view/4413509644
192,Boston Consulting Group,Software Engineer (Frontend),"2021, 2022, 2023, 2024",Multiple,—,https://careers.bcg.com/global/en/job/55285/Software-Engineer-Front-End-X-Delivery
193,GreedyGame,Full Stack Developer Intern,"2025, 2026",Bangalore,—,https://www.lets-code.co.in/job/6a076580fd7efe70804ae111/
194,Unisys,Student Technical,—,Bengaluru,5+ LPA,https://unisys.wd5.myworkdayjobs.com/External/job/Bangalore-KA-India/Student-Technical--Short-Term-_REQ568610?source=LinkedIn
195,Qualcomm,System Engineer,—,Bangalore,14+ LPA,https://www.lets-code.co.in/job/6a076219fd7efe70804ae10a/
196,Gravitix Tech Solutions,SDE,Freshers,Hyderabad,—,https://www.lets-code.co.in/job/6a07633ffd7efe70804ae10f/
197,,,,,,
198,,3500+ Active career portal link for job seekers,,,,
199,,,,,,
200,Company,Role,Batch / Eligibility,Location,Apply Link,
201,Walmart,Software Engineering Intern,2027 Graduates,Bengaluru,https://www.lets-code.co.in/job/6a05a373a74c9bf14c1fce92/,
202,Centizen,Software Engineer,2024 / 2025 / 2026 Graduates,Tirunelveli,https://www.lets-code.co.in/job/6a05a426c16c38114a7fa968/,
203,myKaarma,Software Engineer I (AI/ML),2022 / 2023 / 2024 / 2025 Graduates,Noida,https://www.lets-code.co.in/job/6a05a504c16c38114a7fa96e/,
204,HP,System Software Engineer,2023 / 2024 / 2025 Graduates,Bengaluru,https://www.lets-code.co.in/job/6a05a5c0c16c38114a7fa970/,
205,Snowflake,Data Engineer Intern,2027 / 2028 Graduates,Pune,https://www.lets-code.co.in/job/6a05ecceff95aea108d639b8/,
206,GE Aerospace,Software Engineering Intern,"2027, 2028 Graduates",Bangalore,https://www.lets-code.co.in/job/6a05f81df08d899cb7c255d7/,
207,,,,,,
208,Company,Role,Type,Batch / Eligibility,Location,Apply Link
209,,,,,,
210,micro1,AI Engineer,Contractor,NA,Remote,https://jobs.micro1.ai/post/3a23884d-a7f4-4e1b-b700-8aa7d4887dec?referralCode=c7e58760-581b-45d4-9deb-475e02122729&utm_source=referral&utm_medium=share&utm_campaign=job_referral
211,micro1,Python Developer,Contractor,NA,Remote,https://jobs.micro1.ai/post/acd22832-6af7-4ade-a7b6-44ee5f98b90a?referralCode=c7e58760-581b-45d4-9deb-475e02122729&utm_source=referral&utm_medium=share&utm_campaign=job_referral
212,micro1,Frontend Developer (React),Contractor,NA,Remote,https://jobs.micro1.ai/post/8a408adb-00de-4d39-b454-d3733bb574bf?referralCode=c7e58760-581b-45d4-9deb-475e02122729&utm_source=referral&utm_medium=share&utm_campaign=job_referral
213,micro1,Data Scientist,Contractor,NA,Remote,https://jobs.micro1.ai/post/4e8a5807-9cc3-4847-afa3-16cefb5dec7a?referralCode=c7e58760-581b-45d4-9deb-475e02122729&utm_source=referral&utm_medium=share&utm_campaign=job_referral
214,micro1,Software AI Engineer,Full-time,NA,"Hybrid, Washington D.C.",https://jobs.micro1.ai/post/13904053-ee9f-4bae-9acf-20f9026383e2?referralCode=c7e58760-581b-45d4-9deb-475e02122729&utm_source=referral&utm_medium=share&utm_campaign=job_referral
215,Shopflo,SDET,Full-time,"2021, 2022, 2023, 2024, 2025",Bangalore,https://shopflo.keka.com/careers/jobdetails/135648?source=linkedin
216,Adobe,Software Quality Engineer,Full-time,"2021, 2022, 2023, 2024",Noida,https://careers.adobe.com/us/en/job/R167214/Software-Quality-Engineer-2
217,Zenotalent,Full Stack Developer Intern,Internship,"Engineering Students, UG & PG",Remote / NA,https://unstop.com/internships/full-stack-developer-intern-zenotalent-1685456?lb=BgZwcjqU&utm_medium=Share&utm_source=internships&utm_campaign=Letscod3761
218,R.S Buildland,Software Development Intern,Internship,NA,Mumbai,https://unstop.com/internships/software-development-internship-rs-buildland-1685948?lb=BgZwcjqU&utm_medium=Share&utm_source=internships&utm_campaign=Letscod3761
219,American Express,AI Engineer,Full-time,"2025, 2024, 2023 Passouts",NA,https://www.lets-code.co.in/job/6a045c3df2bf87381c8b1a32/
220,,,,,,
221,,3500+ Active career portal link for job seekers,,,,
222,,,,,,
223,Company,Role,Experience,,Apply Link,
224,,,,,,
225,Wells Fargo,Software Engineer,2+ Years,Hyderabad,https://www.lets-code.co.in/job/6a0362e40180f3493c9634d3/,
226,Mastercard,Software Engineer II,1+ Years,Pune,https://careers.mastercard.com/us/en/job/MASRUSR276237EXTERNALENUS/Software-Engineer-II,
227,Philips,Software Intern,Intern,Bangalore,https://www.lets-code.co.in/job/6a03639e0180f3493c9634d5/,
228,Apple,Software Engineer,2+ Years,Hyderabad,https://jobs.apple.com/en-us/details/200649724/software-engineer,
229,Akamai Technology,Software Engineer,Fresher's,India(Remote),https://www.lets-code.co.in/job/6a0367b60180f3493c9634d7/,
230,CUBE,Associate Software Engineer,"2022, 2023, 2024, 2025",Bangalore,https://jobs.ashbyhq.com/CUBE/faea9dc4-1b93-4cd1-9ec9-24eeabadf15b,
231,Adobe,SDE 2,"2021, 2022, 2023, 2024",Noida,https://careers.adobe.com/us/en/job/R168578/Software-Development-Engineer-2,
232,WEX,SDE,"2021, 2022, 2023, 2024, 2025",Bangalore,https://careers.wexinc.com/us/en/job/R19768/Software-Development-Engineer,
233,,,,,,
234,,,,,,
235,Company,Role,Eligible Batch,Location,Apply Link,
236,Google,Network Operations Residency Program,2026,Bangalore,https://www.lets-code.co.in/job/6a02cfcd4728d48d40f39d68/,
237,Argano,Intern,"2024, 2025, 2026 grads",Hyderabad,https://fa-eyau-saasfaprod1.fa.ocs.oraclecloud.com/hcmUI/CandidateExperience/en/sites/Argano-Careers/job/1577,
238,Convert Polo,Full Stack Developer Intern,"2025, 2026 grads",Bangalore,https://www.linkedin.com/jobs/view/4409252988/,
239,Milliman,Software Developer,"2024, 2025 grads",Mumbai,https://recruiting2.ultipro.com/MIL1017/JobBoard/f54234e9-dfde-b183-fd20-4fbdb19cba7a/OpportunityDetail?opportunityId=1211254e-62ac-4694-adc0-8bd2cd103f91&source=LinkedIn,
240,Loginext,Software Developer (UI/UX),"2021, 2022, 2023, 2024 grads",Mumbai,https://loginext.hire.trakstar.com/jobs/fk0q2st?source=Linkedin,
241,Yuvro,Software Engineer Intern,"2025, 2026 grads",Not Mentioned,https://www.linkedin.com/jobs/view/4411743217/,
242,Pentasent,Web Developer,"2024, 2025 grads",Gurugram,https://www.linkedin.com/jobs/view/4412632425,
243,APEXX,SDET,"2022, 2023, 2024, 2025 grads",Pune,https://jobs.ashbyhq.com/APEXX/f1517629-18bc-46b2-8ea6-e8c34b3dd207?ashby_jid=f1517629-18bc-46b2-8ea6-e8c34b3dd207,
244,Optum,Software Engineer,"2025, 2026 grads",Not Mentioned,http://lets-code.co.in/job/6a01d041becedace8031d289/,
245,Honeywell,Software Engineer Internship,"Engineering Students, Undergraduate, Arts, Commerce, Sciences & Others",Pune,https://unstop.com/internships/software-engineer-internship--1684275?lb=BgZwcjqU&utm_medium=Share&utm_source=internships&utm_campaign=Letscod3761,
246,micro1,Software Engineer,Not Mentioned,Remote,https://jobs.micro1.ai/post/a9918936-82f5-4ecf-a434-cb94bd737bc8?referralCode=c7e58760-581b-45d4-9deb-475e02122729&utm_source=referral&utm_medium=share&utm_campaign=job_referral,
247,,,,,,
248,,3500+ Active career portal link for job seekers,,,,
249,,,,,,
250,Company,Role,Experience / Batch,Location,Apply Link,
251,,,,,,
252,Blinkit,Product manager,,India,https://www.lets-code.co.in/job/6a01836078a6b2e1bf0f6352/,
253,Barclays,Automation Test Engineer,1+ years,Not mentioned,https://unstop.com/jobs/automation-test-engineer-barclays-1683014?lb=BgZwcjqU&utm_medium=Share&utm_source=jobs&utm_campaign=Letscod3761,
254,Sabre India,Data Science Engineer,1+ years,Not mentioned,https://unstop.com/jobs/data-science-engineer-sabre-india-1682575?lb=BgZwcjqU&utm_medium=Share&utm_source=jobs&utm_campaign=Letscod3761,
255,Yuvro,Software Engineer Intern,"Batch: 2025, 2026",Not mentioned,https://www.linkedin.com/jobs/view/4411743217/,
256,Convert Polo,Full Stack Developer Intern,"Batch: 2025, 2026",Bangalore,https://www.linkedin.com/jobs/view/4409252988/,
257,Argano,Intern,"Batch: 2024, 2025, 2026",Hyderabad,https://fa-eyau-saasfaprod1.fa.ocs.oraclecloud.com/hcmUI/CandidateExperience/en/sites/Argano-Careers/job/1577,
258,Amazon,SDE (Software Development Engineer),3+ years experience,Not mentioned,https://www.amazon.jobs/en/jobs/10410945/software-development-engineer-amazon,
259,Oracle,Member Technical Staff - 1,0 to 2+ years,"Bengaluru, Karnataka & Hyderabad, Telangana",https://www.lets-code.co.in/job/6a00b648322050fd87e486d3/,
260,L&T,Software Engineer - D&DC Land Systems,0 to 2 years,Mumbai,https://www.lets-code.co.in/job/6a00b569322050fd87e486d0/,
261,,,,,,
262,,,,,,
263,Get startup Bundle for latest high package openings,,,,,
264,,,,,,
265,,,,,,
266,Company,Role,Batch / Experience,Location,Salary,Apply Link
267,,,,,,
268,Ciena,Embedded Software Engineer,"2024, 2025",Gurugram,—,https://ciena.wd5.myworkdayjobs.com/en-US/Careers/job/Embedded-Software-Engineer_R029114
269,Soroco,Frontend Developer,"2021, 2022, 2023, 2024",Bangalore,—,https://www.linkedin.com/jobs/view/4411316635/
270,Nike,Software Engineer I,"2023, 2024, 2025",Bangalore,—,https://careers.nike.com/software-engineer-i-itc/job/R-83689
271,Servify,Software Engineer (Backend),"2021, 2022, 2023, 2024, 2025",Mumbai,—,https://www.linkedin.com/jobs/view/4411328649/
272,Uniqus Consultech Inc.,SDE I,"2021, 2022, 2023, 2024",Mumbai,—,https://www.linkedin.com/jobs/view/4411355555/
273,NTT DATA,Associate Graduate Engineer,0 - 1 years,—,3-4 LPA,https://careers.services.global.ntt/global/en/job/NTT1GLOBALR144540EXTERNALENGLOBAL/Associate-Graduate-Data-Engineer
274,DocuSign,"Software Engineer, Commerce Frontend",2 years,—,30-50 LPA,https://careers.docusign.com/careers-home/jobs/28862?lang=en-us&iis=Job%20board&iisn=LinkedIn
275,,,,,,
276,Get startup Bundle for latest high package openings,,,,,
277,,,,,,
278,,,,,,
279,Company,Role,Location,Salary/Stipend,Apply Link,
280,Hitachi,Intern,Bangalore,4+ LPA,https://www.hitachids.com/job-description/?jid=R0129260&source=LinkedIn,
281,Capco,Software Engineer,Bangalore,8+ LPA,https://job-boards.greenhouse.io/capco/jobs/7897116,
282,Amazon,Support Engineer I,Bangalore,12+ LPA,https://www.amazon.jobs/en/jobs/10374507/support-engineer-i-amazonpay?cmpid=SPLICX0248M,
283,Automation Anywhere,SDET Intern,Bengaluru,40K PM,https://automationanywhere.wd5.myworkdayjobs.com/AutomationAnywhereJobs/job/Bengaluru-India/Software-Engineering-Intern_JR1322?source=LinkedIn,
284,Caterpillar,Software Developer,Bangalore,9+ LPA,https://careers.caterpillar.com/en/jobs/r0000364471/associate-engineer/?source=LinkedIn,
285,Google,Apprentice,Hyderabad,10+ LPA,https://google.wd501.myworkdayjobs.com/GOCJobs/job/IN-HYD-SAR1/XMLNAME--Upcoming-Roles--Project-Management---Operations-Apprenticeship_JR3167/apply?source=LinkedIn,
286,TE Connectivity,Product Engineer 1,Bangalore,8+ LPA,https://careers.te.com/job/PRODUCT-ENGINEER-I/144197-en_US?utm_source=LinkedInJobPostings&utm_campaign=job-slot,
287,Tyson Foods,Software Developer,Bangalore,8+ LPA,https://tysonfoods.wd5.myworkdayjobs.com/TSN/job/Bangalore-India/Development-Engineer-I-INT_R0459186-2?source=Linkedin1,
288,Hitachi,Management Trainee,Bangalore,8+ LPA,https://www.hitachienergy.com/careers/open-jobs/details/JID3-177265?source=linkedin,
289,AtkinsRealis,Software Developer Trainee,Bangalore,6+ LPA,https://careers.atkinsrealis.com/en/jobs/trainee-r-153787?utm_source=linkedin_feed,
290,Decisions,Jr. Software Developer,Mumbai,7+ LPA,https://decisions.com/jobs-listing/?gh_jid=4960061007&gh_src=8f2d3fd87us,
291,,,,,,
292,Get startup Bundle for latest high package openings,,,,,
293,,,,,,
294,,,,,,
295,,,,,,
296,Optum,Software Engineer,Freshers,Graduate degree or equivalent experience,https://careers.unitedhealthgroup.com/job/-/-/34088/94795013520,
297,Qualcomm,Associate Engineer,Freshers,0-2 years of experience,https://careers.qualcomm.com/careers/job/446715365662,
298,Visa,Software Engineer,Freshers,Minimum of 6 months of work experience or a Bachelor's Degree,https://visa.wd5.myworkdayjobs.com/Visa/job/IN---Bengaluru-India/Software-Engineer_REF081470W/,
299,Amazon,SDE 1,1+ Years,1+ years of non-internship professional software development experience,https://www.amazon.jobs/en/jobs/10385915/sde-i-ftc,
300,Rippling,Software Engineer 2,2+ Years,—,https://ats.rippling.com/en-GB/rippling/jobs/c0be40cf-aaa2-475b-963f-9b73e3f8ce54,
301,,,,,,
302,,,,,,
303,,,,,,
304,Company,Role,Batch Eligible / Qualification,Experience,Location,Apply Link
305,Google Careers,Web Solutions Engineer,2024 / 2023,Freshers,Not Mentioned,https://www.google.com/about/careers/applications/jobs/results/78887535811404486-web-solutions-engineer-i
306,Amazon Jobs,Software Engineer (1 Year Contract),2025 / 2024,Freshers,Not Mentioned,https://www.amazon.jobs/en/jobs/10390699/software-development-engineer-ftc
307,Maersk Careers,Associate Software Engineer,2026 / 2025,Freshers,"Bengaluru, India",https://maersk.wd3.myworkdayjobs.com/Maersk_Careers/job/India-Bengaluru-560064/Associate-software-engineer_R180304
308,Zebra Technologies Careers,Software Engineer II,2024 / 2023,Freshers,"Bengaluru, India",https://zebra.wd501.myworkdayjobs.com/Zebra_careers/job/Bengaluru-India/Software-Engineer--II_111398
309,IBM Careers,Associate System Engineer,2024 / 2025,Freshers,Multiple Locations,https://careers.ibm.com/en_US/careers/JobDetail/Associate-System-Engineer/103807
310,Oracle Careers,Software Developer 1,Bachelor’s / Master’s Degree,0 - 2 Years,"Bengaluru; Hyderabad, India",https://careers.oracle.com/en/sites/jobsearch/jobs/preview/321672/?keyword=Software+Developer+1&location=India&locationId=300000000106947
311,Wipro Careers,Trainee,Bachelor’s / Master’s Degree,Freshers,"Gurugram, India",https://careers.wipro.com/job/TRAINEE/165563-en_US
312,,,,,,
313,Get startup Bundle for latest high package openings,,,,,
314,,,,,,
315,Older jobs,,,,,
316,Company Name,Role,Experience / Eligibility,Location,Expected Stipend / Salary,Apply Link
317,Icertis,Intern - SDET,Internship,Not Mentioned,4-6 LPA,https://iaaviz.fa.ocs.oraclecloud.com/hcmUI/CandidateExperience/en/sites/Jobs-at-Icertis/job/7487
318,Sinope,Associate Software Engineer – Mobile Applications,0-2 Years,Not Mentioned,12-20 LPA,https://sinope.co.in/jobs/associate-software-engineer-mobile-applications/
319,Advance Web Platforms - AWP Solutions Private Limited,PHP Developer Intern,Internship,"Coimbatore, Tamil Nadu",Not Mentioned,https://artha.link/@avinash-singh/jobs/php-developer-intern-advance-web-coimbatore-bf0729ba
320,MEAtec - Battery Intelligence,Backend Developer Intern,Internship,"Nagpur, Maharashtra",Not Mentioned,https://artha.link/@avinash-singh/jobs/php-developer-intern-advance-web-coimbatore-bf0729ba
321,The Assigner,Frontend Developer Intern,Internship,"Nagpur, Maharashtra",Not Mentioned,https://artha.link/@avinash-singh/jobs/frontend-developer-intern-the-assigner-nagpur-68c3c17f
322,Sustainability Economics.ai,Machine Learning Intern,Internship,"Bengaluru, Karnataka",Not Mentioned,https://artha.link/@avinash-singh/jobs/machine-learning-intern-sustainability-bengaluru-cee3f6a8
323,Meritshot,Software Development Intern,Internship,"Noida, Uttar Pradesh",Not Mentioned,https://artha.link/@avinash-singh/jobs/software-development-intern-meritshot-noida-bf7605cb
324,BreakoutAI,AI Engineer Intern,All College Students,Remote (WFH),INR 20K - 80K per month,https://unstop.com/internships/artificial-intelligence-internship-breakoutai-1682755?lb=BgZwcjqU&utm_medium=Share&utm_source=internships&utm_campaign=Letscod3761
325,Cargill,Software Engineer,"2021, 2022, 2023, 2024",Bangalore,,https://careers.cargill.com/en/job/-/-/23251/92118273904
326,Crunchyroll,Software Engineer,2+ Years,,64-87 LPA,https://job-boards.greenhouse.io/crunchyroll/jobs/6696781?gh_jid=6696781&gh_src=16d404cd1us
327,,,,,,
328,,,,,,
329,,,,,,
330,,,,,,
331,Older Jobs,,,,,
332,Company Name,Role,Batch Eligible,Location,Salary/Stipend,Apply Link
333,Walmart,Software Engineering Intern,2027 graduates,"Bangalore, India",INR 1 Lakh per month,https://walmart.wd5.myworkdayjobs.com/WalmartExternal/job/IN-KA-BANGALORE-Home-Office-Building-11/XMLNAME--IND--Grad-Intern---No-Work-Experience_R-2498676/apply
334,Seceon Inc.,Junior Software Engineer,"2025, 2026",India,Not specified,https://www.linkedin.com/jobs/view/4408392130/
335,Decision,Jr. Software Developer,Not specified,Mumbai,7+ LPA,https://decisions.com/jobs-listing/?gh_jid=4960061007&gh_src=8f2d3fd87us
336,Anovia,Jr. Developer,Not specified,Chennai,6+ LPA,https://anovia.breezy.hr/p/f68608fd61a4-junior-developer?source=linkedin
337,AMETEK,Software Developer,Not specified,Bangalore,7+ LPA,https://jobs.ametek.com/job/Bangalore-Software-Developer-KA-560048/1385605500/
338,Zara (via Micro1),"Software Engineer, New Grad",New Grad,Remote,Not specified,https://jobs.micro1.ai/post/0b9d8e73-a9ab-4cfc-a270-ed9ee9dac1c5?referralCode=c7e58760-581b-45d4-9deb-475e02122729&utm_source=referral&utm_medium=share&utm_campaign=job_referral
339,Micro1,Software Developer,Not specified,Remote,Not specified,https://jobs.micro1.ai/post/981f9791-70f7-4e78-bd08-09bbe8c0ff25?referralCode=c7e58760-581b-45d4-9deb-475e02122729&utm_source=referral&utm_medium=share&utm_campaign=job_referral
340,CompuGroup Medical,Front End Developer,Minimum 2 years Front-end,Noida,Not specified,https://cgm.wd3.myworkdayjobs.com/de-DE/cgm/job/Full-Stack-Developer_JR107909
341,,,,,,
342,,,,,,
343,Olders jobs,,,,,
344,,,,,,
345,Company,Position,Batch,Location,Salary,Apply Link
346,,,,,,
347,Certify Me,Full Stack Developer Intern,"2026, 2027",Bangalore,—,https://www.linkedin.com/jobs/view/4406297081/
348,IBM,Associate System Engineer,"2024, 2025",Multiple,—,https://careers.ibm.com/en_US/careers/JobDetail/Associate-System-Engineer/103807
349,Cisco,Software Engineer,"2024, 2025",Multiple,—,https://careers.cisco.com/global/en/job/CISCISGLOBAL2011632EXTERNALENGLOBAL/Software-Engineer
350,Edge Focus,Software Engineer,2022-2025,Remote,—,https://www.edgefocuspartners.com/careers/software-developer-india/
351,Digitap,Software Developer - Backend,—,Bangalore,5+ LPA,https://digitap.freshteam.com/jobs/p2NOB0MLRRrL/junior-backend-python-developer
352,Tailored AI,Software Developer 1,—,Bangalore,7+ LPA,https://www.instahyre.com/job-408790-sde-1-at-tailored-ai-bangalore/
353,Infilect,Software Developer Intern,—,Bangalore,4+ LPA,https://infilect.keka.com/careers/jobdetails/31420
354,Tower Research Capital,Core Engineering Intern,—,Gurugram,8+ LPA,https://job-boards.greenhouse.io/embed/job_app?for=towerresearchcapital&token=6903711
355,AutoRABIT,Software Engineering Intern - Java,"2025, 2026",Hyderabad,—,https://autorabit.applytojob.com/apply/WnUkML5svP/Software-Engineering-Intern-Java
356,Wisdom AI,"Software Engineer, Frontend/Fullstack",0-2 yrs exp,—,25-35 LPA,https://jobs.ashbyhq.com/Wisdom%20AI/9dc24174-86ef-496d-9957-6012e6e49097
